ชื่อสินค้า,ลิงก์,ราคา,URL ของภาพ
Gold Plated Infinity Heart Gift Set,https://www.pandora.co.th/gold-plated-infinity-heart-gift-set-b802381.html,"฿9,500.00",https://www.pandora.co.th/media/catalog/product/cache/70a1e59922cd14e44dc64d118b09e2f4/b/8/b802381.jpg
Five Links Chain Necklace,https://www.pandora.co.th/five-links-chain-necklace-393861c00.html,"฿7,250.00",https://www.pandora.co.th/media/catalog/product/cache/70a1e59922cd14e44dc64d118b09e2f4/p/n/pngtrpnt_393861c00_rgb_1.png
Anchor Chain Necklace,https://www.pandora.co.th/anchor-chain-necklace-363899c00.html,"฿5,350.00",https://www.pandora.co.th/media/catalog/product/cache/70a1e59922cd14e44dc64d118b09e2f4/p/n/pngtrpnt_363899c00_rgb_4_1.png
Anchor Chain Necklace,https://www.pandora.co.th/anchor-chain-necklace-393899c00.html,"฿3,400.00",https://www.pandora.co.th/media/catalog/product/cache/70a1e59922cd14e44dc64d118b09e2f4/p/n/pngtrpnt_393899c00_rgb_1.png
Organically Shaped Oval & Treated Freshwater Cultured Pearl Necklace,https://www.pandora.co.th/organically-shaped-oval-treated-freshwater-cultured-pearl-necklace-363883c01.html,"฿9,150.00",https://www.pandora.co.th/media/catalog/product/cache/70a1e59922cd14e44dc64d118b09e2f4/p/n/pngtrpnt_363883c01_rgb_1.png
Organically Shaped Two-Tone Pendant Necklace,https://www.pandora.co.th/organically-shaped-two-tone-pendant-necklace-363882c00.html,"฿7,650.00",https://www.pandora.co.th/media/catalog/product/cache/70a1e59922cd14e44dc64d118b09e2f4/p/n/pngtrpnt_363882c00_rgb_1_1.png
Organically Shaped Link Necklace,https://www.pandora.co.th/organically-shaped-link-necklace-363881c00.html,"฿15,650.00",https://www.pandora.co.th/media/catalog/product/cache/70a1e59922cd14e44dc64d118b09e2f4/p/n/pngtrpnt_363881c00_rgb.png
Disney Stitch Collier Necklace,https://www.pandora.co.th/disney-stitch-collier-necklace-393743c01.html,"฿7,150.00",https://www.pandora.co.th/media/catalog/product/cache/70a1e59922cd14e44dc64d118b09e2f4/p/n/pngtrpnt_393743c01_rgb_1.png
Crossing Arrows Oversized Medallion Charm,https://www.pandora.co.th/crossing-arrows-oversized-medallion-charm-764084c01.html,"฿5,600.00",https://www.pandora.co.th/media/catalog/product/cache/70a1e59922cd14e44dc64d118b09e2f4/p/n/pngtrpnt_764084c01_rgb.png
Openable Large Link Chain Necklace,https://www.pandora.co.th/openable-large-link-chain-necklace-364083c00.html,"฿9,750.00",https://www.pandora.co.th/media/catalog/product/cache/70a1e59922cd14e44dc64d118b09e2f4/p/n/pngtrpnt_364083c00_v2_rgb_1.png
Engravable Butterfly Wing Tag Pendant,https://www.pandora.co.th/engravable-butterfly-wing-tag-pendant-364015c00.html,"฿4,200.00",https://www.pandora.co.th/media/catalog/product/cache/70a1e59922cd14e44dc64d118b09e2f4/p/n/pngtrpnt_364015c00_rgb.png
Engravable Square Tag Pendant,https://www.pandora.co.th/engravable-square-tag-pendant-364009c01.html,"฿4,550.00",https://www.pandora.co.th/media/catalog/product/cache/70a1e59922cd14e44dc64d118b09e2f4/p/n/pngtrpnt_364009c01_rgb_1_.png
Engravable Round Tag Pendant,https://www.pandora.co.th/engravable-round-tag-pendant-364007c01.html,"฿4,550.00",https://www.pandora.co.th/media/catalog/product/cache/70a1e59922cd14e44dc64d118b09e2f4/p/n/pngtrpnt_364007c01_rgb.png
Engravable Heart Tag Pendant,https://www.pandora.co.th/engravable-heart-tag-pendant-398914c00.html,"฿1,850.00",https://www.pandora.co.th/media/catalog/product/cache/70a1e59922cd14e44dc64d118b09e2f4/p/n/pngtrpnt_398914c00_rgb.png
Timeless Red Heart Necklace and Earring Gift Set,https://www.pandora.co.th/timeless-red-heart-necklace-and-earring-gift-set-b802000.html,"฿5,700.00",https://www.pandora.co.th/media/catalog/product/cache/70a1e59922cd14e44dc64d118b09e2f4/i/m/image.jpg
Moments Heart Necklace and Earring Gift Set,https://www.pandora.co.th/moments-heart-necklace-and-earring-gift-set-b801998.html,"฿5,700.00",https://www.pandora.co.th/media/catalog/product/cache/70a1e59922cd14e44dc64d118b09e2f4/r/8/r800607.jpg
Family Bonds Necklace and Earring Gift Set,https://www.pandora.co.th/family-bonds-necklace-and-earring-gift-set-b802073.html,"฿5,700.00",https://www.pandora.co.th/media/catalog/product/cache/70a1e59922cd14e44dc64d118b09e2f4/s/e/set-day-chuyen-va-khuyen-tai-nu-pandora-infinity-heart-gift-set-b802073-mau-bac-6442311ab78ff-21042023134546.jpg
Triple Stone Heart Station Chain Necklace,https://www.pandora.co.th/triple-stone-heart-station-chain-necklace-393160c01.html,"฿6,100.00",https://www.pandora.co.th/media/catalog/product/cache/70a1e59922cd14e44dc64d118b09e2f4/p/n/pngtrpnt_393160c01_rgb.png
Pandora Moments Studded Chain Necklace,https://www.pandora.co.th/pandora-moments-studded-chain-necklace-382451c00.html,"฿16,000.00",https://www.pandora.co.th/media/catalog/product/cache/70a1e59922cd14e44dc64d118b09e2f4/p/n/pngtrpnt_382451c00_rgb.png
Organically Shaped Circle & Treated Freshwater Cultured Pearls Pendant Necklace,https://www.pandora.co.th/organically-shaped-circle-treated-freshwater-cultured-pearls-pendant-necklace-363254c01.html,"฿10,500.00",https://www.pandora.co.th/media/catalog/product/cache/70a1e59922cd14e44dc64d118b09e2f4/p/n/pngtrpnt_363254c01_rgb.png
Treated Freshwater Cultured Pearl Collier Necklace,https://www.pandora.co.th/treated-freshwater-cultured-pearl-collier-necklace-363167c01.html,"฿11,450.00",https://www.pandora.co.th/media/catalog/product/cache/70a1e59922cd14e44dc64d118b09e2f4/p/n/pngtrpnt_363167c01_rgb.png
Dragon Collier Necklace,https://www.pandora.co.th/dragon-collier-necklace-363070c01.html,"฿7,650.00",https://www.pandora.co.th/media/catalog/product/cache/70a1e59922cd14e44dc64d118b09e2f4/p/n/pngtrpnt_363070c01_rgb.png
Pink Elevated Heart Necklace,https://www.pandora.co.th/pink-elevated-heart-necklace-398425c02.html,"฿5,350.00",https://www.pandora.co.th/media/catalog/product/cache/70a1e59922cd14e44dc64d118b09e2f4/p/n/pngtrpnt_398425c02_rgb_1.png
Tennis Choker Necklace,https://www.pandora.co.th/tennis-choker-necklace-393806c01.html,"฿9,500.00",https://www.pandora.co.th/media/catalog/product/cache/70a1e59922cd14e44dc64d118b09e2f4/p/n/pngtrpnt_393806c01_rgb_1.png
Embracing Halo Necklace,https://www.pandora.co.th/embracing-halo-necklace-393776c01.html,"฿6,100.00",https://www.pandora.co.th/media/catalog/product/cache/70a1e59922cd14e44dc64d118b09e2f4/p/n/pngtrpnt_393776c01_rgb_1.png
Infinity Knot Collier Necklace,https://www.pandora.co.th/infinity-knot-collier-necklace-393762c01.html,"฿4,550.00",https://www.pandora.co.th/media/catalog/product/cache/70a1e59922cd14e44dc64d118b09e2f4/p/n/pngtrpnt_393762c01_v2_rgb.png
Studded Clasp & Chain Necklace,https://www.pandora.co.th/studded-clasp-chain-necklace-393682c00.html,"฿8,400.00",https://www.pandora.co.th/media/catalog/product/cache/70a1e59922cd14e44dc64d118b09e2f4/3/9/393682c00.png
Elongated Link Chain Necklace,https://www.pandora.co.th/elongated-link-chain-necklace-363416c00.html,"฿6,100.00",https://www.pandora.co.th/media/catalog/product/cache/70a1e59922cd14e44dc64d118b09e2f4/3/6/363416c00.png
Halo Hearts Pendant Necklace,https://www.pandora.co.th/halo-hearts-pendant-necklace-393632c01.html,"฿6,100.00",https://www.pandora.co.th/media/catalog/product/cache/70a1e59922cd14e44dc64d118b09e2f4/3/9/393632c01.png
Red Halo Hearts Pendant Necklace,https://www.pandora.co.th/red-halo-hearts-pendant-necklace-393658c01.html,"฿7,650.00",https://www.pandora.co.th/media/catalog/product/cache/70a1e59922cd14e44dc64d118b09e2f4/3/9/393658c01.png
Arrow & Murano Glass Heart Necklace,https://www.pandora.co.th/arrow-murano-glass-heart-necklace-393669c01.html,"฿4,950.00",https://www.pandora.co.th/media/catalog/product/cache/70a1e59922cd14e44dc64d118b09e2f4/3/9/393669c01.png
Cable Chain Necklace,https://www.pandora.co.th/cable-chain-necklace-590200.html,"฿2,300.00",https://www.pandora.co.th/media/catalog/product/cache/70a1e59922cd14e44dc64d118b09e2f4/5/9/590200.png
Circle of Sparkle Necklace,https://www.pandora.co.th/circle-of-sparkle-necklace-590514cz.html,"฿4,700.00",https://www.pandora.co.th/media/catalog/product/cache/70a1e59922cd14e44dc64d118b09e2f4/5/9/590514cz.png
Classic Cable Chain Necklace,https://www.pandora.co.th/classic-cable-chain-necklace-590515.html,"฿1,900.00",https://www.pandora.co.th/media/catalog/product/cache/70a1e59922cd14e44dc64d118b09e2f4/5/9/590515.png
